{
  "framework": "2.0",
  "stage": "H2",
  "n_subjects": 9,
  "excluded": [
    "S10"
  ],
  "group_mean": {
    "S1": 0.8004777777777777,
    "S2": 0.6991666666666667,
    "S3": 0.7684666666666666,
    "S4": 0.8191666666666667,
    "S5": 0.8568777777777777,
    "S6": 0.7988111111111111,
    "S7": 0.792,
    "S8": 0.7835666666666667,
    "S9": 0.7836111111111111,
    "S10": 0.8352111111111111,
    "S11": 0.8179222222222222
  },
  "model_comparison": {
    "Null": {
      "aic": -69.36131862782776,
      "bic": -68.96342335502939,
      "n_params": 1,
      "rss": 0.016747649988776644
    },
    "Linear": {
      "aic": -69.26257030158081,
      "bic": -68.46677975598406,
      "n_params": 2,
      "rss": 0.014089317526374847
    },
    "Plateau": {
      "aic": -67.5303161952087,
      "bic": -66.33663037681359,
      "n_params": 3,
      "rss": 0.013750516021105719
    },
    "Stage": {
      "aic": -66.87987859650949,
      "bic": -64.89040223251763,
      "n_params": 5,
      "rss": 0.010140838422104633
    }
  },
  "chosen_model": "Null",
  "delta_aic": 0.09874832624694818,
  "decision": "TERMINATE",
  "reason": "Null model best: no detectable group pattern.",
  "individual_summary": "3 up, 2 down, 4 flat"
}