{
  "framework": "2.0",
  "stage": "H4",
  "n_subjects": 9,
  "caveat": "n=9. Min detectable |rho| ~0.83 (80% power).",
  "drift_rates": {
    "S1": 0.07221510377616222,
    "S2": 0.014903865159854736,
    "S4": 0.04012816540538328,
    "S7": 0.04048056168268684,
    "S8": 0.03277396079189848,
    "S9": 0.029186215787599275,
    "S11": 0.03518619954492152,
    "S12": 0.0194314775293422,
    "S13": 0.026003460269280736
  },
  "correlation": {
    "spearman_rho": 0.6333333333333333,
    "spearman_p": 0.06708578689234565,
    "bootstrap_ci_95": [
      -0.01870772946859886,
      0.9449541284403669
    ],
    "n_pairs": 9
  }
}